id,username,email,address,phone
AKM1MP6P0OYPR,Terrance Bonilla,paulperry@example.com,"Unit 9109 Box 0090
DPO AP 76401",339-831-7259
A2CX7LUOHB2NDG,Mary Conway,rluna@example.com,"USS Morse
FPO AP 84108",6456897388
A2NWSAGRHCP8N5,Jamie Chapman,phansen@example.org,"45460 Amy Squares Suite 049
Gonzalesland, HI 12549",(443)422-5293x814
A2WNBOD3WNDNKT,Heather Austin,ppatterson@example.org,"5082 Harper Lakes
Stevenshire, WA 84756",001-828-846-8669x674
A1GI0U4ZRJA8WN,Sara Alvarado,hlittle@example.net,"73769 Brooks Crossing
Byrdton, MH 43596",249-370-3132x292
A1QGNMC6O1VW39,Brian Pearson,jessicastein@example.net,"48585 Simmons View Apt. 152
Port Melanieberg, IA 15222",9532192684
A3J3BRHTDRFJ2G,Eric Brock,egordon@example.net,"90943 Tanner Causeway
New Jameshaven, PR 85044",(713)491-5945x17713
A2TY0BTJOTENPG,Veronica Martinez,elliottalicia@example.net,"USNV Schultz
FPO AP 39117",(497)624-5471x3604
A34ATBPOK6HCHY,David Blankenship,lharrison@example.org,"252 Merritt Turnpike
Dianeland, KY 76080",001-801-689-9966
A89DO69P0XZ27,Gilbert Hill,debra70@example.org,"1246 Timothy Oval
Samanthaside, HI 93138",909.296.4164
AZYNQZ94U6VDB,Sarah Hudson,hcooper@example.net,"358 Shawn Bridge Suite 042
Rayport, NV 37322",+1-454-599-4080x509
A1DA3W4GTFXP6O,Christine Johns,christinacalderon@example.net,"75848 Jones Pines
Jacksonchester, OH 37623",001-862-938-2735x02415
A29LPQQDG7LD5J,Caitlin Miller,robert89@example.com,"633 Gonzalez Square Apt. 549
Pughfort, PR 74930",(762)667-6473
AO94DHGC771SJ,Scott Edwards,lindsey60@example.org,"99467 Tucker Cape
Lake Christopher, OK 79324",983-600-9402
AMO214LNFCEI4,Sara Boyd,rogersronald@example.org,"88598 Meyers Freeway Apt. 627
New Laura, TX 55503",+1-216-860-0393x29724
A28B1G1MSJ6OO1,Nicole Perez,katherinepatel@example.org,"950 Le Well Suite 069
South Erica, PW 92450",603-390-5563
A3N7T0DY83Y4IG,Valerie Davis,aaron56@example.org,"928 Wade Streets
East David, AR 16551",818-418-0014
A1H8PY3QHMQQA0,Stephanie Gray,teresawatson@example.org,"12948 Robert Roads
Kaylaville, NH 73914",(351)680-5946x924
A2CPBQ5W4OGBX,Melissa Reynolds,vanessa48@example.org,"27137 Jacob Bypass
Tammyport, WI 64491",-7815
A265MKAR2WEH3Y,Lisa Walker,ericamunoz@example.com,"1200 Katrina Valleys Suite 446
East Rebeccaberg, NE 56830",+1-732-971-0972x9745
A37K02NKUIT68K,Gina Diaz,cynthiakim@example.com,"313 Lane Knoll Suite 035
Kellershire, WI 71988",-7623
A2AW1SSVUIYV9Y,Rebecca Miller,ischneider@example.org,"424 Beth Heights
Bartonville, TX 17193",4104479704
A2AEHUKOV014BP,Nathan Barnes,jillcooper@example.com,"0780 Gomez Mountain Suite 251
East Vincent, VT 61269",484-638-3161x11963
AMLFNXUIEMN4T,Donna Rose,jeffreymurphy@example.com,"1804 Lopez Fall
Teresatown, VI 46411",001-853-412-2107
A2O8FIJR9EBU56,Leslie Moore,qhowell@example.org,"488 Carol Station
Gregoryland, MI 29720",+1-644-811-7747x72512
A3IQGFB959IR4P,Janet Mitchell,yangmary@example.net,"516 Hall Views Apt. 823
Gileshaven, WI 95939",3828561188
AYTBGUX49LF3W,Lynn Arnold,richarddanielle@example.net,"830 Calvin Skyway Suite 824
Youngside, IA 63371",3536649006
A24QFSUU00IZ05,Ann Oconnor,christopher59@example.com,"2319 Peter Neck
East Mitchellton, PW 69355",204.908.7265
A1NG5X8VYZWX0Q,Maria Harrington MD,michaelthomas@example.com,"149 Marie Extension
South Francesfort, KS 37031",800-304-9408x8704
A1E4WG8HRWWK4R,William Watson,tthomas@example.org,"7645 Sean Square
Carlhaven, ND 50341",805-795-7463
A2AOEW5UGXFOOQ,Katie Davis,pmunoz@example.com,"2553 Khan Bridge
West Johnside, TX 34973",(519)757-9248x260
A2XSWV6AQI90BR,Kim Olson,danielsmaureen@example.com,"168 Cunningham Pines
Guerreroport, IA 51847",761-228-5195x056
AR84FMFYCQCWF,Shawn Mcguire,hensonjacob@example.com,"3433 Martin Extension
North Alicia, NV 77606",236.474.9386
A19TBA1WARJS55,Debra Watson,rmurray@example.net,"792 Ryan Dale
Randallshire, DC 11769",+1-803-358-4717x5727
A3C5SMBSKKWNPT,Belinda Griffin,michelle26@example.net,"1586 Martinez Via Apt. 757
Marktown, FL 37845",-10900
A24EV6RXELQZ63,Renee Hancock,christopherstewart@example.org,"07559 Elliott Mission
North Timothyfort, MA 11857",-4287
A3T6ZQONABIJSG,Nancy Manning,sheila32@example.com,"10730 Christina Mountain Suite 044
Kellyton, PA 90398",001-905-859-2234
A132P6YSJSI5G2,Terrance Finley,waguilar@example.com,"971 Joshua Mews
Mckenzieshire, UT 15897",001-981-246-7277x09838
A1NQPG5IJ43HJI,Julie Shepard,james23@example.net,"876 Gary Camp Apt. 148
Port Matthew, MP 74490",661-789-8843x514
A2WOJCFAWI8VS8,Scott Williams,marissa47@example.net,"28434 Erika Gateway
Port Lauramouth, NY 10898",001-298-809-2197x461
A22FB2WSZSXSHH,Julie Fleming,robert17@example.com,"3367 Mooney Road Apt. 293
Lake Bridgetchester, MH 54978",5934349363
AZQZ3STMCBG5H,Jennifer Ramirez,randalljames@example.org,"2156 Debra Stream
Bentonborough, SC 94691",533.373.5023
A2EGPA22UHMQXL,Elizabeth Moss,andrew44@example.com,"72483 Padilla Plains
Port Gwendolynfort, MP 83430",959.509.2372x001
AC57CU3TF6ZMJ,Mr. Matthew Cox,brendahughes@example.org,"09892 Brian Forge Suite 271
Dawnville, VT 70598",+1-701-333-6328x8020
A2YX0Z6RHA8Y2H,Matthew West,darmstrong@example.com,"2166 Ward Run
Hamptonshire, SC 77132",-2301
A38T51B7J6QVD9,Kristen Ramos,dscott@example.com,"390 Richardson Prairie Apt. 022
South Alexander, NY 37124",+1-864-432-3061x0184
A1HOSS7PNC1LMU,Michelle Miller,kanemariah@example.net,"95048 West Falls
Gabrielleton, NJ 37595",001-475-861-7552x868
A9HI77BE35VYE,Dawn Robles,amandagray@example.com,"5381 Rowe Village
Nicholaston, FM 96776",001-484-879-3885x3823
A3HFUWKSPF5QEH,Hailey Rodriguez,kathleen10@example.net,"30939 Simmons Orchard
Joneston, UT 22082",+1-786-538-3038x88421
A38ETMHM9ATSF0,Hannah Avila,tjackson@example.net,"81750 Mitchell Parkways
Jenniferton, CO 54470",6525481960
A34O6MND17VDDH,Christine Werner,cynthiakennedy@example.net,"932 Coleman Glens Suite 012
Brendaburgh, FM 01308",881.668.6725x10582
A3JSAGWSLY5044,Vincent Vasquez,kristenboyle@example.org,"75608 Soto Trail
Parsonschester, KY 06633",(831)724-3082x28549
A3B12X05JZKM94,Leonard Mendez,dparker@example.net,"27589 Zuniga Orchard
Juliaburgh, SD 71498",675.861.9066
AKZOMZCNU41GZ,Randall Roberts,rojasalyssa@example.org,"18274 Hardin Views Suite 435
Bennettborough, FM 90220",634-640-2822
A2XTFY0GJDF3R2,Edward Daniel,woodronald@example.net,"913 Dana Harbor Suite 241
Collinsborough, VA 93196",-9813
A3ILG56NE5QU37,Hannah Phillips,roytricia@example.org,"96081 Benton Trail
Lake Tammy, FL 71211",(215)997-9291x06033
AOK77THMKCGXZ,Kelly Welch,bishopdeanna@example.net,"7740 Greene Shores Apt. 311
West Crystal, IN 87553",558-694-9923
A24RBL3W5W6SAN,Daniel Holden,alicia56@example.org,"80905 Reed Green Suite 476
New Michael, WA 35108",484.332.7425x51482
A2RX85Y4S27N2J,Brian Barnes,riverajennifer@example.net,"USS Matthews
FPO AP 88317",688.562.6206x787
A253JJFXQNPCOJ,Donald Aguilar,mackenzie61@example.com,"820 Dale Lane
Port Jasonmouth, CA 13837",6623521984
AHYURLVH267MA,Kenneth Bauer,aaronfuentes@example.net,"903 Maynard Turnpike Apt. 979
West Martha, AS 13057",4964668264
A1FXYTO11KEJ2P,Shannon Lee,kristiprice@example.com,"25739 Michael Tunnel Suite 537
West Chrishaven, AS 51966",5452808330
A2TKKYL3GKFS2M,Thomas Carlson,vincentalvarez@example.com,"986 Turner Creek Suite 886
Lisahaven, NH 49904",001-306-405-1593
A3F069UFW04K1E,Mr. Brian Ford,umason@example.net,"519 Stephanie Parks Suite 414
Hernandezmouth, DC 05751",990-826-0563x4892
A3HQ8RXUMJ2Y58,Chad French,colemichael@example.org,"22623 Mendoza Drive Apt. 782
Thompsonmouth, PA 57966",8279365144
A2MNKBHPMBB0EA,Amanda Meyer,christopheryoung@example.net,"069 Cameron Flat
Walshborough, MO 37643",620-901-4359x17720
A3HGTTFIDLCWDJ,Hannah Chandler,michelleallen@example.com,"24432 Smith Fords Suite 081
Annachester, MN 03479",+1-362-799-3221x83623
AYM7NJTTX3M0L,Russell Davis,dcastro@example.net,"3825 Monique Manors
Langport, CO 85319",(320)891-6004
A2PL24SVISXZM9,Cynthia Vasquez,christopher05@example.org,"PSC 1858, Box 1135
APO AA 97605",+1-779-749-0812x755
A3I1C8WM8DLSMM,Wanda Mckenzie,donnahanson@example.com,"750 Nelson Land
Lake Rebeccaville, TN 17331",+1-679-903-9434x16730
A29LNVZLBG0IYN,Nicole Mitchell,colemanhenry@example.org,"057 Gina Throughway Apt. 024
West Dennisport, KS 26001",707.801.4441
A2CP4GY6XAWIII,Ryan Kelly,joshuagreen@example.com,"45612 Arroyo Village Apt. 980
Nealfort, PR 85859",834-487-2492
A1UMFN4RKU451R,Paul Williams,whitejason@example.com,"941 Hall Underpass
South Jamie, MD 84654",5274891786
A3T3XKC7H5ACI1,Cheryl Johnson,boltonjoshua@example.com,"031 Gregory Station Apt. 812
Lake Louis, NY 49317",248-640-9687
A1NQNJ3EAZ6CMZ,Brandon Evans,owelch@example.net,"27438 Christine Points Suite 293
East Corey, FL 88463",001-935-657-5672x05742
A34TPQUVSQXXPX,Vickie Morton,taylortravis@example.org,"836 Jefferson Manors
West Barbara, AZ 54691",8457619465
A2B4F6LP0ZLI8E,Garrett Williams DDS,danielcook@example.net,"3491 Morgan Mills Suite 510
Christineberg, PR 11895",6739816519
A1RKH6803HVOQL,Karen Rogers,jyates@example.net,"145 Sanchez Curve
West Katie, TX 39700",+1-346-460-6564x973
A3ZNVCQCG57AY,Jodi Williams,bmccall@example.net,"013 Jacob Cliff
Bensonberg, WI 99742",742-932-6547
A1HM74IXWXQ5D8,Debra Barrett,nfoster@example.com,"0716 Gray Rue Apt. 238
Randyville, AL 62187",+1-723-761-2708x6012
A2DUI0YVE1DZ48,Gregory Powell,xreynolds@example.net,"43801 Hanson Lodge Apt. 567
Hernandezview, KS 76647",-6776
AH3LYMIBZ6DKF,Christopher Jones,barajasmichelle@example.net,"5580 Thomas Green
West Taylorshire, MN 71721",+1-813-501-3106x528
AWA0CM7TY98QX,Jason Tran,patriciaandrews@example.net,"7507 Jimmy Mall Suite 478
Toddbury, FM 16282",(812)801-3445x468
A244IAP7UBVHH6,Jennifer Chavez,johnsonkrystal@example.org,"91592 Stephanie Trafficway Suite 160
Shawburgh, ME 31633",(720)546-1017x3067
A3E7PG9CHDBICA,Kimberly Duran,pricealexander@example.com,"418 Salinas Shoals Apt. 478
South Jesse, NE 36275",001-355-407-5211x04626
A2JXAZZI9PHK9Z,Amy White,seancollins@example.net,"Unit 8447 Box 0121
DPO AE 93726",256-458-7194x284
A1RTWWRHVIVWQW,Adam Scott,pittmanjose@example.com,"7217 Davis Route
South Jasmin, AK 81463",(370)458-9301x3407
A2P5U7BDKKT7FW,Zachary Richards,hudsonmatthew@example.com,"6280 Elizabeth Springs Apt. 610
Mckinneyberg, MT 49922",(856)298-8636x2508
A262D8GC5XRU31,Courtney Watts,kevin16@example.com,"45375 Christopher Square Suite 426
Claytontown, VI 19766",379-797-6590
AAZ084UMH8VZ2,Jade Kelly,hobrien@example.com,"3375 Billy Mills Suite 143
West Anthony, MA 53657",+1-548-721-0795x611
A3M122DYN9L5N8,Jennifer Carroll,nguyenelizabeth@example.net,"7971 Keith Row Suite 888
New Larryview, MI 01806",001-297-931-2938x794
A3S0RV5ZQ37538,Sonya Horton,mariah78@example.org,"245 Anthony Canyon Apt. 854
New Michelle, AK 19089",(977)561-7363
A150Y5KRN7FWJJ,Kelly Jones,hector92@example.net,"1230 Nancy Plaza Apt. 096
West Leslie, TN 97790",6815994843
AEZ3CR6BKIROJ,Joshua Marquez,shanelawrence@example.net,"230 Maria Neck
Clarkton, LA 94896",8263410533
A3BY5KCNQZXV5U,Melissa Lyons,ldavis@example.net,"49233 Lucas Junctions
West Melanieshire, VT 13628",378.707.0742
A1JIOBEWHVV8MC,Nicole Brown,swhite@example.com,"96727 Williams Point Suite 445
South Joshua, MT 54531",4875813443
A2OJRZGW5YVGNS,Anna Rivas,marcus76@example.net,"074 Mary Forest Apt. 900
Georgeshire, MT 75361",+1-443-975-0224x9658
A14KUMEJ094IZ3,Lauren Munoz,jordanphillips@example.net,"5477 Tammy Green
Sarahborough, MA 17505",4314390864
A212UCG62RO8JF,Stephanie Scott,matthewbruce@example.net,"8014 Floyd Isle Apt. 788
West Jamesville, SC 96289",001-967-461-6847x393
A18U7ZDE2VHD01,Denise Alvarez,jonestheodore@example.com,"2088 Justin Radial
Cannonview, VA 94094",5758672381
A39J1PTX1KAL66,Meghan Smith,alexandergomez@example.net,"71673 Frank Street Suite 564
South John, VI 57868",001-690-384-0037x8563
A2IEJQ8754BMSI,Kelli Sanders,francotiffany@example.org,"63142 Tara Ferry
Calebburgh, RI 10641",(259)344-2111x114
APGCN777AZIYR,Robert Barnes,alisongibson@example.net,"USS Dawson
FPO AA 27642",394-351-9761
A1UMV2TNJ96LMU,Timothy Gonzalez,rachelsmith@example.org,"050 Kristin Crest Suite 167
Jefferyberg, ND 88863",001-364-523-2469x589
A7S2B0I67WNWB,James Reeves,arthur31@example.net,"966 Baker Neck Suite 895
Laurafort, NM 11367",6723837898
A3HICVLF4PFFMN,Mary Brown,jbrown@example.net,"129 Bruce Terrace
Ryanfort, PR 89825",001-946-462-6119x80683
A3HGP1YI7G80HA,Roy Smith,davidbailey@example.org,"93145 Rodriguez Islands Suite 726
Cindymouth, NY 64480",5308578839
A2SRW2W1GXYKQZ,Lindsay Dalton,guyschwartz@example.org,"3270 Arellano Rest
Martinezton, NY 08978",001-229-547-0101
A3S51KDTK4P2JP,Dana Benitez,james77@example.org,"5500 Richard Springs
East Stevenmouth, TN 55223",336-387-8101
A2ATRYXF83T83K,Edwin Parker,vazquezamy@example.com,"5854 Earl Circle
Lawsonbury, PA 65632",+1-938-435-7836x15311
A5MJPMMDAA1RQ,Benjamin Villanueva,williamtucker@example.com,"1085 Elizabeth Islands
South Jill, IL 24322",9235650959
A1RGYV1ASMTMSE,Melissa Smith,sjames@example.com,"454 Adams Dam
Lake Karen, WV 46969",762.925.9757x6048
ANSKSPEEAKY7S,Mary Jenkins,robertfox@example.com,"79310 Herrera Fort Suite 388
North Brendafort, WA 23935",2276425351
A2QBZA4S1ROX9Q,Christopher Burke,jonestroy@example.com,"31336 Scott Expressway Apt. 926
Robertchester, MS 27072",+1-386-215-9187x378
A2FT4NPBE189NB,Megan Sims,michellerobbins@example.net,"PSC 1836, Box 6880
APO AP 50965",529-823-3589
AEFUHKIXACWJW,Michelle Ferguson,bjackson@example.org,"074 Moore Village Apt. 173
Port Jasonville, WA 50861",347-696-4525x08444
ANY6JUFM0GH8U,Joseph Benitez,allisonpatterson@example.net,"4203 Brett Union Suite 786
North Wendy, TX 98425",538.986.1159
A29AHNG4TUERKG,Heather Andrews,hanseneric@example.com,"97634 Lambert Shoal
New Juanshire, WV 04940",(989)575-2448
AT09WGFUM934H,Jeffrey Johnson,torresshawn@example.net,"9582 Wells Way Suite 696
Lake Jessica, ID 53851",(903)803-8045
A1JB5VD57VRYAX,Laura Gilbert,ruben67@example.org,"USNV Shelton
FPO AE 66988",001-467-533-8239x4002
A22055Y81HHDQ9,Kevin Saunders,matthew64@example.org,"11001 Christopher Corners Suite 906
Carlton, GU 52834",5908658528
A2CVNEE0H2F1YE,Taylor Gardner,nguyenjames@example.net,"Unit 4414 Box 7640
DPO AE 41500",962-878-7844x6704
ASLRVLGGF5F2J,Samuel Davis,reyesyvette@example.com,"4417 Williams Forks Suite 379
Randallville, UT 82063",+1-395-342-0742x961
A2TSQNO5HXCYN2,Paul Howell,tyler83@example.com,"2720 Singleton Place Suite 980
Timothyhaven, PA 13512",8409081025
A1G0KYO61NFVTF,Karen Rodriguez,ellisonjerry@example.net,"USNS Valencia
FPO AP 95656",001-441-780-1550x7619
A2OC1UK7VMBLOT,Michael Baker,orrtiffany@example.com,"2396 Yates Trafficway
West Daniellebury, WI 04855",414-944-9911
A260COKJRRVS3U,Tammy Wright,millsrita@example.com,"92389 Ruiz Ridges
South Jonborough, IL 09376",4886644432
A1T8TP4OHT5T13,Taylor Roman,stephaniesteele@example.com,"0684 Matthew Freeway Suite 008
Kellerside, WI 69091",382-573-4228
AGAKHE014LQFU,Zachary Lang,burkejoshua@example.com,"450 Mayo Drive
West Brandonmouth, TN 07658",884-638-8943
A3NU787GB0X67S,Mark Carpenter,nathangordon@example.net,"355 Mary Brooks Suite 851
Richardtown, CT 76145",001-957-631-9125x58378
AY0BL2JD0GAFT,Jared Knapp,xjacobs@example.org,"51073 Thomas Dale Suite 093
Robinsonstad, WI 97778",(881)398-8985
A2UVFEZ7UDBRAA,Alyssa Garcia,zrogers@example.net,"78839 Rhonda Haven Suite 638
Ryanton, KS 66613",250.878.1752x03830
A2332ANCYJS96P,Pamela Allen,patricklester@example.com,"513 Diaz Mountains Apt. 413
Frederickfort, IN 18059",001-893-944-0308
A1S6B5QFWGVL5U,Jordan Rodriguez,tomsmith@example.com,"80374 Scott Club Apt. 360
Timothybury, UT 53042",224.359.1085
A399VAWM09IRH9,Anthony Webster,shawnbarron@example.com,"66521 Johnson Mills
South James, AK 09908",946.898.9597
AMP3SRCVG8VED,Steven Williams,christine87@example.org,"38235 Pollard Oval
Monicastad, WY 05939",-7020
ANFUGJ8Z9EMQS,David Spencer,riosbrianna@example.com,"013 Williams Turnpike Apt. 001
Rebeccaton, MH 82620",578.269.0849x796
A2N3PEHL6QY8U8,Steven Rios,bobby18@example.net,"526 Matthews Villages
West Sheilaside, SC 19834",753.983.4494x9331
A2KK9GUTOXMB43,Olivia Neal,portercheryl@example.com,"483 Evan Point
Cantrellchester, AL 54730",885.529.1467x614
A1G5M9B068B6N4,Roy Miles,padillacarlos@example.org,"6127 Campbell Overpass Apt. 206
North Jennifer, CA 15832",814-553-7485x2822
A107S4MT25VXQ5,Matthew Chan,sierra59@example.org,"71897 Mendoza Unions Apt. 310
Vegashire, MI 22520",(383)520-1486x94879
A1IIGG5OMZKNYP,Amanda York,melanie91@example.org,"666 Paul View
Lake Hollyfort, UT 37905",001-310-532-8938
A3RV0ZUIEOM0TX,Brian Archer,thomaslisa@example.net,"76791 Anthony Street Suite 461
Vanessashire, OH 90949",+1-399-472-5549x06438
AAWFWZ2K9WTV1,Ashley Potter,xmccarthy@example.org,"USS Allison
FPO AA 27899",4733525511
A2J3WVIQ5LO1O7,Dustin Riley,sherry74@example.org,"766 Barnes Crescent Suite 616
New Julie, GU 11004",471.902.5659
A1GI134K2EVPEM,Michael Hobbs DDS,ricardo11@example.com,"91189 Shah Mountains
East Corey, CT 66357",(766)522-2686x166
A37ASPPZ778F9O,Kathryn Hood,jenniferzimmerman@example.net,"4979 Alexis Gardens Suite 167
Gregorytown, MN 94516",+1-894-778-6123x60647
AWL0JAXP3LQWJ,Kevin Miller,richarddaniels@example.net,"014 Haley Radial Suite 230
Jamieburgh, GA 19913",+1-964-947-4100x739
A29FNXHYVA2W4G,Thomas Hernandez,jonathan76@example.org,"97684 Dylan Avenue
Lake Amandaview, KS 12752",652.344.3201x387
A32JHAQPVSGHUD,Lisa Murphy,david73@example.com,"88165 Ruth Curve Apt. 762
Lake Sarah, RI 51260",001-485-278-7814x3198
A2C8SNQ59NMJ1,Dawn Ortega,markmarquez@example.org,"7684 Elizabeth Key Apt. 916
West Michelle, VT 37187",368-949-6973x9417
AUMPN10O0S5WE,Mrs. Claudia Dickson,qperez@example.net,"5638 Jason Land
West Henryburgh, AK 57600",550-591-5428x969
A1APJUGO70YI8,William Livingston,bestcaleb@example.org,"82690 Richard Views
South John, IL 57839",340.376.0561x96431
A3EI9TX2A4MUSZ,Joseph Hammond,okirk@example.com,"Unit 0528 Box 2448
DPO AA 07639",+1-393-839-3982x3986
A3JQESKSRFB6MV,Brittany Cooper,julie11@example.org,"252 Owens Terrace Apt. 279
Pearsonfort, NE 83253",562-636-6137x4311
A3AW83CCH2SYAG,Kimberly Brown,elliottdonald@example.net,"49530 Christopher Divide
Port Jenniferfurt, NH 40004",245.681.0624
A3IL8P9RPBUW2X,Michael Haas,simoncatherine@example.com,"5781 Mcguire Haven
New Philip, NV 92639",-7245
A1C09ZLU9Z56TG,Suzanne Brown,marshthomas@example.org,"9504 Melinda Well Suite 653
Port David, WV 94882",701.209.4793
A2E14J26DQZOAA,Karl Jenkins,edougherty@example.org,"82146 Gordon Prairie
New Joshua, AL 62729",693.281.5385
A16OJ9FTF432BE,Ronald Barker,hamiltonashley@example.org,"Unit 0373 Box 0995
DPO AA 39751",8453395489
A2WOSVWG4SX1J1,Lisa Jones,goodwinjason@example.org,"5728 Christian Lane Apt. 884
Port Robin, AS 72052",(485)419-9512x82081
A17ZYVAZZZWXU5,Brenda Nelson,andrewwatson@example.net,"616 Juan Garden
Kimberlymouth, UT 88160",(558)765-0905x5158
A1PY7ODDSRIFGV,Jon Harmon,annawalker@example.org,"2167 Elizabeth Forges
South Ashleymouth, WI 60502",(212)500-3361
AJ4QIAKKHW21N,Christopher Nguyen,mariashaffer@example.org,"7451 Zamora Landing
Port Wendyberg, TX 53778",835.544.1265
A2RMLNVKPFRK7X,Debra Obrien,nford@example.org,"9799 Kiara Villages
Hendersonmouth, ND 33923",582.717.5515x96678
A2R4GEWPLORVSO,Jennifer Chen,chapmantanya@example.net,"0290 Myers Heights
East Brianna, NH 17450",499.699.4255
A1KKUYTDUZDZSA,Shelby Thomas,rushpaul@example.net,"9725 Combs Extension
West Erichaven, WY 06898",381.743.5960
A34527S2PDKKGN,Billy Castro,ecampbell@example.org,"5457 Diaz Valley
East Nichole, CA 89354",388.229.9659x24324
ACVACAN9F8XKR,Dr. Debra Jackson,craigwood@example.com,"493 Miller Summit Apt. 705
Kylestad, NJ 28848",(207)819-4766x23625
A5OXSZ6JI3WW0,Michelle Smith,roberthayes@example.com,"1312 Reginald Shore
Danielville, FM 54952",671.579.5528x242
A28K8QC9C4WPGE,Mark Nelson,brianbonilla@example.com,"75202 Ellis Circles Apt. 152
Lake Anthony, SC 74706",8588971774
A266DODBJYK0X,Jacob Kirk Jr.,lsantiago@example.org,"Unit 3916 Box 6351
DPO AA 54578",755.441.0828x86615
A17RBVZX3VTNBW,Patrick Hampton,reneeduncan@example.org,"99397 Anthony Center Apt. 235
West Lisa, GA 05983",721.942.3669x02277
AV4GK35MHBFMW,Dale Sherman,james24@example.org,"77010 Smith Streets
North Sarahtown, ME 93563",001-989-999-0645x5768
A3UKB1QYS8KBW0,Jennifer Patton,kingjoel@example.org,"7404 Tami Harbors
North Tanya, HI 68302",268-948-4783
A11E2USO989A37,Carolyn Wright,morganjennifer@example.org,"566 Braun Station
South Timhaven, VT 82626",284-506-0955x970
A9CRICSLKO7DJ,Natasha Johnson,peterrandall@example.net,"366 Cabrera Run Apt. 201
Jamesside, NJ 16243",001-764-300-1446x0217
A32HSNCNPRUMTR,Cynthia Williams,leahray@example.com,"81298 Santos Garden
Michellefort, CA 96112",824-566-0884
A17HMM1M7T9PJ1,Noah Phillips,charlesmcneil@example.org,"8060 Walter Mission
Lopezshire, MS 63410",556.806.8911x23922
A1GWA4DX7T4RWE,Chelsea Brooks,michael87@example.com,"405 Christopher Alley
Lisabury, DC 70859",(258)482-5152
A233AWZLS4LDYO,Johnny Erickson,hughesmichael@example.net,"1913 James Cove Apt. 012
Lutzstad, MN 96555",001-443-668-8170
A737SIAIN3WIY,Sarah Long,gibsonbarbara@example.net,"051 Wright Causeway Apt. 161
Jonathanfort, WI 69307",(777)821-6077x2009
AVH06NSECM8EY,Corey Lopez,donaldsmith@example.com,"75763 Baker Curve Suite 185
Adrianaburgh, AR 56165",7065501874
A1BKC6B7YHYTVV,Kimberly Rodriguez,morganalicia@example.org,"89033 Lori Squares
Burtonside, VI 61601",698.831.5298x5649
AWVFSIB42LHKJ,Robert Mckee,ashleypowers@example.com,"27663 Chang Parks Suite 051
New Laurenmouth, PW 73356",570-968-0949x12658
A36MQBNADRH8YY,Deborah Macdonald,gary75@example.com,"55873 Tran Square
East Stephanie, SC 72303",882.774.0669x66646
A3SRXMPLAEZ6DP,Lauren Kennedy,guzmantiffany@example.org,"5745 Jon Stravenue Apt. 693
Lake Justin, MO 98107",+1-934-567-0968x32702
A20XXTXWF2TCPY,Betty Cherry,jessicataylor@example.com,"85021 Kimberly Points
North Barbara, HI 07545",2486897496
AOZZ0CTG5RMW1,Philip Berry,ukelly@example.com,"01258 Powell Rapid
North Stacy, NY 32681",001-232-622-8218x123
A2IDCSC6NVONIZ,Robert Schultz,melvinthompson@example.org,"0474 Garcia Route
Marieton, ME 43989",843.293.5093
AML8NIWFKHZJU,Cody Scott,martinezthomas@example.net,"977 Green Shores
West Rachel, WA 88323",001-835-987-3458x551
A33HBPL7Q6SZMG,Jasmine Baldwin,iedwards@example.org,"670 Allison Spurs
New Thomas, TX 28396",(858)957-2033x911
A22JDDJB1ZLGGZ,Emily Moore,debrakim@example.org,"063 Stevenson Fields
North Garyhaven, HI 25568",489-609-0139x19206
A39PZJCRS98E6P,Sara Mcconnell,hinesalan@example.org,"035 Andrew Pine Suite 056
Sarachester, PA 49051",214.517.1601x97726
A17S5ODXALEGVP,James Bishop,ramseychristina@example.net,"26637 Page Locks Apt. 871
Paulmouth, SC 28993",001-376-878-9102x21798
A2WAXINV2ODKUQ,Shannon Gonzales,jillsims@example.com,"2749 Harrison Cliffs Suite 446
Michelleville, OH 18624",001-559-915-5210x92727
A23X08KRDJKF7,Brian Dawson,jennifer19@example.com,"192 Jennifer Via Apt. 627
Taylorberg, MA 79684",5644554691
A15FPN5N8TI3Q8,Carlos Diaz,oscarmiller@example.net,"Unit 1992 Box 7305
DPO AE 87971",249.377.9395
A1ZD73MDX4POAY,Eugene Fowler,christopher99@example.com,"432 Ryan Oval
Huangfurt, DE 74859",(804)825-5428x53195
A1EDI0X3GI1SK7,Ian George,opacheco@example.net,"25467 Sandra Haven
New Felicia, OR 26632",(659)786-3389
