UserID,username,email,Address,Phone
A1JIOBEWHVV8MC,Nicole Brown,swhite@example.com,"96727 Williams Point Suite 445
South Joshua, MT 54531",4875813443
A28B1G1MSJ6OO1,Nicole Perez,katherinepatel@example.org,"950 Le Well Suite 069
South Erica, PW 92450",603-390-5563
A2AOEW5UGXFOOQ,Katie Davis,pmunoz@example.com,"2553 Khan Bridge
West Johnside, TX 34973",(519)757-9248x260
A2E14J26DQZOAA,Karl Jenkins,edougherty@example.org,"82146 Gordon Prairie
New Joshua, AL 62729",693.281.5385
AGAKHE014LQFU,Zachary Lang,burkejoshua@example.com,"450 Mayo Drive
West Brandonmouth, TN 07658",884-638-8943
AEFUHKIXACWJW,Michelle Ferguson,bjackson@example.org,"074 Moore Village Apt. 173
Port Jasonville, WA 50861",347-696-4525x08444
A3I1C8WM8DLSMM,Wanda Mckenzie,donnahanson@example.com,"750 Nelson Land
Lake Rebeccaville, TN 17331",+1-679-903-9434x16730
